subj,task,run,abs_mean,rel_mean,pct_removed
445543,SOCIAL,LR,0.657675,0.112975,0.615385
445543,SOCIAL,RL,0.406628,0.109445,0.433333
680250,SOCIAL,LR,0.189527,0.125978,0.555556
680250,SOCIAL,RL,0.313924,0.138567,0.333333
867468,SOCIAL,LR,0.631094,0.133856,0.285714
867468,SOCIAL,RL,0.388910,0.149741,0.340909
107422,SOCIAL,LR,0.192958,0.061175,0.354839
107422,SOCIAL,RL,0.132480,0.058422,0.290323
101915,SOCIAL,LR,0.389969,0.091183,0.500000
101915,SOCIAL,RL,0.568161,0.070233,0.590909
930449,SOCIAL,LR,0.333555,0.062715,0.258065
930449,SOCIAL,RL,0.178877,0.064399,0.307692
529549,SOCIAL,LR,0.169312,0.092759,0.393939
529549,SOCIAL,RL,0.172068,0.068621,0.241379
108222,SOCIAL,LR,0.547319,0.083162,0.511111
108222,SOCIAL,RL,0.389849,0.078828,0.400000
156536,SOCIAL,LR,0.320291,0.054466,0.285714
156536,SOCIAL,RL,0.239440,0.054604,0.208333
130922,SOCIAL,LR,1.381050,0.068317,0.343750
130922,SOCIAL,RL,0.414516,0.064759,0.379310
687163,SOCIAL,LR,0.858062,0.086861,0.466667
687163,SOCIAL,RL,0.503058,0.077193,0.392857
103818,SOCIAL,LR,0.234203,0.108986,0.352941
103818,SOCIAL,RL,0.251918,0.098490,0.297297
385046,SOCIAL,LR,0.166084,0.039003,0.310345
385046,SOCIAL,RL,0.139757,0.038626,0.407407
125222,SOCIAL,LR,0.247107,0.110472,0.558824
125222,SOCIAL,RL,0.656842,0.102792,0.394737
495255,SOCIAL,LR,0.465717,0.105325,0.341463
495255,SOCIAL,RL,0.227869,0.101215,0.294118
158136,SOCIAL,LR,0.275866,0.090863,0.531250
158136,SOCIAL,RL,0.273522,0.084964,0.533333
196952,SOCIAL,LR,0.378652,0.059059,0.370370
196952,SOCIAL,RL,0.146224,0.055165,0.416667
213522,SOCIAL,LR,0.145730,0.051328,0.392857
213522,SOCIAL,RL,0.158402,0.051251,0.424242
382242,SOCIAL,LR,0.484492,0.153678,0.257143
382242,SOCIAL,RL,0.579504,0.169417,0.218750
187850,SOCIAL,LR,0.378352,0.105487,0.342105
187850,SOCIAL,RL,0.310952,0.094596,0.351351
773257,SOCIAL,LR,0.196800,0.097623,0.377778
773257,SOCIAL,RL,0.161804,0.096637,0.369565
959574,SOCIAL,LR,0.290553,0.046973,0.314286
959574,SOCIAL,RL,0.246403,0.059114,0.324324
110613,SOCIAL,LR,0.420148,0.101924,0.458333
110613,SOCIAL,RL,0.291443,0.127966,0.517241
177140,SOCIAL,LR,0.282956,0.074545,0.468750
177140,SOCIAL,RL,0.529790,0.071490,0.545455
128127,SOCIAL,LR,0.115205,0.046794,0.423077
128127,SOCIAL,RL,0.116167,0.049247,0.444444
111312,SOCIAL,LR,0.398815,0.072948,0.411765
111312,SOCIAL,RL,0.638613,0.069209,0.607143
815247,SOCIAL,LR,0.709811,0.091426,0.412698
815247,SOCIAL,RL,0.683469,0.070166,0.500000
192136,SOCIAL,LR,0.308053,0.071538,0.614035
192136,SOCIAL,RL,0.185306,0.052690,0.500000
952863,SOCIAL,LR,0.283537,0.063621,0.382353
952863,SOCIAL,RL,0.342955,0.069911,0.454545
767464,SOCIAL,LR,0.194944,0.055760,0.421053
767464,SOCIAL,RL,0.149795,0.069368,0.571429
231928,SOCIAL,LR,0.527919,0.082112,0.384615
231928,SOCIAL,RL,0.950193,0.078679,0.500000
192540,SOCIAL,LR,0.545059,0.065491,0.416667
192540,SOCIAL,RL,0.473548,0.054131,0.400000
121416,SOCIAL,LR,0.313512,0.088341,0.548387
121416,SOCIAL,RL,0.213173,0.065980,0.535714
130114,SOCIAL,LR,0.079524,0.073755,0.393939
130114,SOCIAL,RL,0.096204,0.073537,0.444444
178950,SOCIAL,LR,0.197510,0.056485,0.300000
178950,SOCIAL,RL,0.156242,0.051960,0.448276
996782,SOCIAL,LR,0.113975,0.059694,0.281250
996782,SOCIAL,RL,0.173453,0.057126,0.312500
119732,SOCIAL,LR,0.236144,0.070052,0.351351
119732,SOCIAL,RL,0.197726,0.094626,0.250000
109325,SOCIAL,LR,0.488098,0.125228,0.342105
109325,SOCIAL,RL,0.308147,0.102936,0.512821
139637,SOCIAL,LR,0.424486,0.061329,0.368421
139637,SOCIAL,RL,0.125967,0.054382,0.354839
178243,SOCIAL,LR,0.341072,0.110206,0.420000
178243,SOCIAL,RL,0.177884,0.093312,0.322581
176845,SOCIAL,LR,0.295239,0.087216,0.454545
176845,SOCIAL,RL,0.519978,0.084498,0.400000
111413,SOCIAL,LR,0.229576,0.082832,0.400000
111413,SOCIAL,RL,0.670432,0.090077,0.410256
567961,SOCIAL,LR,0.254297,0.061213,0.500000
567961,SOCIAL,RL,0.203841,0.066762,0.555556
156233,SOCIAL,LR,2.363150,0.649081,0.363636
156233,SOCIAL,RL,1.005870,0.098589,0.342857
178142,SOCIAL,LR,0.113926,0.064786,0.451613
178142,SOCIAL,RL,0.116044,0.054299,0.407407
308129,SOCIAL,LR,0.609492,0.110173,0.343284
308129,SOCIAL,RL,0.743322,0.121882,0.250000
529953,SOCIAL,LR,0.210731,0.061415,0.371429
529953,SOCIAL,RL,0.143621,0.077721,0.437500
993675,SOCIAL,LR,0.197122,0.105865,0.461538
993675,SOCIAL,RL,0.461613,0.091570,0.468750
108323,SOCIAL,LR,0.192466,0.053013,0.470588
108323,SOCIAL,RL,0.382967,0.062611,0.644444
922854,SOCIAL,LR,0.158779,0.165611,0.375000
922854,SOCIAL,RL,0.133419,0.147068,0.423077
594156,SOCIAL,LR,0.424782,0.082165,0.428571
594156,SOCIAL,RL,0.284829,0.071807,0.290323
657659,SOCIAL,LR,0.471322,0.087235,0.454545
657659,SOCIAL,RL,0.511598,0.066603,0.500000
917558,SOCIAL,LR,0.352159,0.105862,0.590909
917558,SOCIAL,RL,0.249735,0.084015,0.535714
113316,SOCIAL,LR,0.278587,0.097821,0.342857
113316,SOCIAL,RL,0.173703,0.136279,0.451613
111716,SOCIAL,LR,1.022760,0.083677,0.538462
111716,SOCIAL,RL,0.518310,0.082709,0.551724
193845,SOCIAL,LR,1.122730,0.081170,0.413043
193845,SOCIAL,RL,0.536535,0.073803,0.275000
555348,SOCIAL,LR,0.554340,0.162035,0.533333
555348,SOCIAL,RL,0.426587,0.146083,0.535714
180230,SOCIAL,LR,0.229763,0.073649,0.482759
180230,SOCIAL,RL,0.485376,0.075155,0.466667
634748,SOCIAL,LR,0.374346,0.043604,0.400000
634748,SOCIAL,RL,0.257047,0.043946,0.384615
194746,SOCIAL,LR,0.447700,0.112063,0.730769
194746,SOCIAL,RL,0.680285,0.126966,0.571429
355239,SOCIAL,LR,0.213724,0.182664,0.413793
355239,SOCIAL,RL,0.335949,0.143319,0.535714
196144,SOCIAL,LR,0.096357,0.091904,0.535714
196144,SOCIAL,RL,0.237722,0.097997,0.576923
188145,SOCIAL,LR,0.274016,0.111463,0.478261
188145,SOCIAL,RL,0.233291,0.088731,0.583333
141119,SOCIAL,LR,0.374858,0.093696,0.500000
141119,SOCIAL,RL,0.216361,0.089086,0.428571
885975,SOCIAL,LR,0.291195,0.075238,0.464286
885975,SOCIAL,RL,0.369396,0.061166,0.482759
213017,SOCIAL,LR,0.413830,0.074093,0.405405
213017,SOCIAL,RL,0.334029,0.073910,0.454545
131924,SOCIAL,LR,0.494523,0.100715,0.275000
131924,SOCIAL,RL,0.327716,0.135474,0.318182
198350,SOCIAL,LR,0.317321,0.095349,0.380952
198350,SOCIAL,RL,1.681410,0.105823,0.543478
969476,SOCIAL,LR,0.218487,0.084642,0.451613
969476,SOCIAL,RL,0.333540,0.072138,0.379310
419239,SOCIAL,LR,0.415908,0.126565,0.535714
419239,SOCIAL,RL,0.241829,0.122145,0.535714
151627,SOCIAL,LR,0.195715,0.060151,0.440000
151627,SOCIAL,RL,0.222344,0.064542,0.375000
102311,SOCIAL,LR,0.679252,0.067005,0.343750
102311,SOCIAL,RL,0.636207,0.073913,0.421053
872764,SOCIAL,LR,0.211926,0.101521,0.405405
872764,SOCIAL,RL,0.360858,0.093660,0.363636
118124,SOCIAL,LR,0.221115,0.108147,0.320000
118124,SOCIAL,RL,0.118581,0.115480,0.333333
127832,SOCIAL,LR,0.125877,0.062990,0.344828
127832,SOCIAL,RL,0.716045,0.080010,0.541667
715647,SOCIAL,LR,0.220706,0.060705,0.466667
715647,SOCIAL,RL,0.226279,0.032810,0.400000
146129,SOCIAL,LR,0.204572,0.066466,0.333333
146129,SOCIAL,RL,0.208388,0.064632,0.500000
214019,SOCIAL,LR,0.555610,0.099946,0.521739
214019,SOCIAL,RL,0.251959,0.097711,0.600000
123521,SOCIAL,LR,0.108432,0.088428,0.433333
123521,SOCIAL,RL,0.185342,0.069428,0.290323
857263,SOCIAL,LR,0.373914,0.074506,0.457143
857263,SOCIAL,RL,0.278779,0.081547,0.342857
163432,SOCIAL,LR,1.517860,0.160363,0.392857
163432,SOCIAL,RL,0.314004,0.088794,0.500000
128935,SOCIAL,LR,0.279844,0.092109,0.538462
128935,SOCIAL,RL,0.337022,0.111612,0.689655
172534,SOCIAL,LR,0.598717,0.059168,0.512821
172534,SOCIAL,RL,0.170034,0.055161,0.400000
827052,SOCIAL,LR,0.283110,0.065187,0.322581
827052,SOCIAL,RL,0.354572,0.056573,0.285714
180735,SOCIAL,LR,0.203765,0.076448,0.500000
180735,SOCIAL,RL,0.176041,0.085868,0.538462
991267,SOCIAL,LR,0.146605,0.103136,0.424242
991267,SOCIAL,RL,0.211521,0.072829,0.444444
167036,SOCIAL,LR,0.442192,0.053059,0.321429
167036,SOCIAL,RL,1.045100,0.060191,0.433333
164030,SOCIAL,LR,0.321407,0.044878,0.357143
164030,SOCIAL,RL,0.167637,0.041475,0.375000
106824,SOCIAL,LR,0.144795,0.058781,0.317073
106824,SOCIAL,RL,0.122257,0.061772,0.333333
513130,SOCIAL,LR,0.196268,0.089856,0.444444
513130,SOCIAL,RL,0.157412,0.078248,0.466667
165840,SOCIAL,LR,0.110280,0.059680,0.342105
165840,SOCIAL,RL,0.633107,0.068319,0.531250
169040,SOCIAL,LR,0.905647,0.172851,0.481481
169040,SOCIAL,RL,0.824950,0.186616,0.385965
973770,SOCIAL,LR,0.101133,0.082969,0.594595
973770,SOCIAL,RL,0.385889,0.118257,0.675676
519950,SOCIAL,LR,0.144813,0.097184,0.441860
519950,SOCIAL,RL,0.107702,0.094592,0.450000
120414,SOCIAL,LR,0.180235,0.050614,0.500000
120414,SOCIAL,RL,0.226707,0.056931,0.500000
154330,SOCIAL,LR,0.447673,0.192905,0.492754
154330,SOCIAL,RL,0.561989,0.140244,0.339623
899885,SOCIAL,LR,0.180433,0.060833,0.448276
899885,SOCIAL,RL,0.295819,0.059262,0.538462
275645,SOCIAL,LR,0.228281,0.077208,0.475000
275645,SOCIAL,RL,0.413760,0.105589,0.466667
112920,SOCIAL,LR,0.236090,0.067035,0.350000
112920,SOCIAL,RL,0.177579,0.066307,0.195652
707749,SOCIAL,LR,0.647528,0.104487,0.566667
707749,SOCIAL,RL,0.520058,0.160180,0.726027
656657,SOCIAL,LR,0.199365,0.086013,0.403226
656657,SOCIAL,RL,0.260886,0.094070,0.551724
150928,SOCIAL,LR,0.179437,0.062911,0.439024
150928,SOCIAL,RL,0.301534,0.058313,0.342105
771354,SOCIAL,LR,0.165322,0.068093,0.387097
771354,SOCIAL,RL,0.156645,0.073129,0.533333
191942,SOCIAL,LR,0.245579,0.045923,0.333333
191942,SOCIAL,RL,0.479120,0.058666,0.375000
395251,SOCIAL,LR,0.090037,0.081484,0.343750
395251,SOCIAL,RL,0.143590,0.098919,0.400000
192843,SOCIAL,LR,0.591187,0.065863,0.424242
192843,SOCIAL,RL,0.499620,0.060186,0.312500
133928,SOCIAL,LR,0.131203,0.055560,0.384615
133928,SOCIAL,RL,0.273787,0.056688,0.360000
878877,SOCIAL,LR,0.256739,0.053556,0.413793
878877,SOCIAL,RL,0.204312,0.057021,0.500000
105115,SOCIAL,LR,0.206571,0.060414,0.483871
105115,SOCIAL,RL,0.229769,0.059500,0.314286
105620,SOCIAL,LR,0.241002,0.078447,0.464286
105620,SOCIAL,RL,0.349676,0.051101,0.387097
107018,SOCIAL,LR,0.103252,0.100554,0.545455
107018,SOCIAL,RL,0.118924,0.110611,0.451613
107220,SOCIAL,LR,0.367220,0.178165,0.360000
107220,SOCIAL,RL,0.283380,0.190156,0.285714
115219,SOCIAL,LR,1.331560,0.107101,0.463415
115219,SOCIAL,RL,0.838694,0.076098,0.392857
117930,SOCIAL,LR,0.216740,0.094457,0.500000
117930,SOCIAL,RL,0.202973,0.097951,0.538462
118023,SOCIAL,LR,0.108597,0.101215,0.580645
118023,SOCIAL,RL,0.226814,0.104227,0.500000
118225,SOCIAL,LR,0.166542,0.064966,0.428571
118225,SOCIAL,RL,0.200284,0.071881,0.444444
128026,SOCIAL,LR,0.969386,0.095885,0.382979
128026,SOCIAL,RL,1.156850,0.090605,0.410714
134829,SOCIAL,LR,0.298042,0.066774,0.576923
134829,SOCIAL,RL,0.427238,0.081483,0.485714
135124,SOCIAL,LR,0.197252,0.063291,0.464286
135124,SOCIAL,RL,0.158890,0.048239,0.416667
137229,SOCIAL,LR,0.250980,0.121965,0.461538
137229,SOCIAL,RL,0.131831,0.139950,0.500000
139839,SOCIAL,LR,0.253675,0.050301,0.428571
139839,SOCIAL,RL,0.220134,0.064510,0.571429
143325,SOCIAL,LR,1.077990,0.103649,0.388889
143325,SOCIAL,RL,0.694818,0.106295,0.482759
145632,SOCIAL,LR,0.302754,0.066940,0.483871
145632,SOCIAL,RL,0.333137,0.074871,0.500000
148335,SOCIAL,LR,0.389768,0.136145,0.407407
148335,SOCIAL,RL,0.339337,0.131371,0.441176
148840,SOCIAL,LR,0.102686,0.073026,0.411765
148840,SOCIAL,RL,0.440016,0.058576,0.366667
149236,SOCIAL,LR,0.119362,0.089459,0.419355
149236,SOCIAL,RL,0.115118,0.090579,0.433333
149842,SOCIAL,LR,0.214254,0.057287,0.485714
149842,SOCIAL,RL,0.172095,0.079458,0.475000
152831,SOCIAL,LR,0.165898,0.056396,0.481481
152831,SOCIAL,RL,0.162517,0.067108,0.481481
155231,SOCIAL,LR,0.795247,0.056047,0.454545
155231,SOCIAL,RL,0.320357,0.051142,0.444444
157942,SOCIAL,LR,0.110119,0.080418,0.363636
157942,SOCIAL,RL,0.124416,0.066386,0.379310
159946,SOCIAL,LR,0.390492,0.072178,0.612903
159946,SOCIAL,RL,0.424433,0.091409,0.512821
160830,SOCIAL,LR,0.435717,0.115347,0.583333
160830,SOCIAL,RL,1.347940,0.105433,0.673913
161327,SOCIAL,LR,0.503140,0.216104,0.757576
161327,SOCIAL,RL,1.141540,0.219107,0.586207
167440,SOCIAL,LR,0.371957,0.062228,0.366667
167440,SOCIAL,RL,0.301474,0.080710,0.437500
170934,SOCIAL,LR,0.473953,0.071759,0.384615
170934,SOCIAL,RL,0.600010,0.061450,0.407407
180129,SOCIAL,LR,0.692171,0.136606,0.404255
180129,SOCIAL,RL,0.875039,0.122488,0.363636
185341,SOCIAL,LR,0.266103,0.085832,0.454545
185341,SOCIAL,RL,0.350760,0.071979,0.518519
185442,SOCIAL,LR,0.112325,0.072808,0.366667
185442,SOCIAL,RL,0.129092,0.054638,0.435897
186848,SOCIAL,LR,0.157548,0.151624,0.562500
186848,SOCIAL,RL,0.171011,0.155021,0.566667
197550,SOCIAL,LR,0.180035,0.148076,0.473684
197550,SOCIAL,RL,0.108040,0.127421,0.444444
198855,SOCIAL,LR,0.409073,0.044508,0.409091
198855,SOCIAL,RL,1.706040,0.057538,0.586207
200513,SOCIAL,LR,0.210799,0.058161,0.342857
200513,SOCIAL,RL,0.325971,0.039116,0.439024
200917,SOCIAL,LR,0.859405,0.110346,0.583333
200917,SOCIAL,RL,0.611214,0.081936,0.463415
201111,SOCIAL,LR,0.120925,0.050231,0.483871
201111,SOCIAL,RL,0.112865,0.054687,0.444444
202820,SOCIAL,LR,0.986280,0.130431,0.482759
202820,SOCIAL,RL,0.478241,0.127760,0.419355
204016,SOCIAL,LR,0.311862,0.109093,0.263158
204016,SOCIAL,RL,0.337340,0.106612,0.386364
211316,SOCIAL,LR,0.490188,0.089447,0.565217
211316,SOCIAL,RL,0.328272,0.096954,0.636364
238033,SOCIAL,LR,0.407304,0.063875,0.500000
238033,SOCIAL,RL,0.726786,0.057670,0.441176
239136,SOCIAL,LR,0.189158,0.118445,0.307692
239136,SOCIAL,RL,0.171174,0.107069,0.375000
255740,SOCIAL,LR,0.262722,0.078340,0.393939
255740,SOCIAL,RL,0.275060,0.059370,0.457143
257946,SOCIAL,LR,0.224538,0.106316,0.444444
257946,SOCIAL,RL,0.676448,0.098984,0.500000
274542,SOCIAL,LR,0.122211,0.069694,0.379310
274542,SOCIAL,RL,0.173083,0.066725,0.444444
290136,SOCIAL,LR,0.160907,0.085126,0.366667
290136,SOCIAL,RL,0.315414,0.110524,0.538462
310621,SOCIAL,LR,0.473572,0.066629,0.468750
310621,SOCIAL,RL,0.117690,0.074532,0.392857
341834,SOCIAL,LR,0.312072,0.070946,0.515152
341834,SOCIAL,RL,0.225077,0.069911,0.466667
348545,SOCIAL,LR,0.161457,0.074059,0.454545
348545,SOCIAL,RL,0.294365,0.074519,0.366667
361941,SOCIAL,LR,0.202041,0.058487,0.382979
361941,SOCIAL,RL,0.764257,0.059437,0.300000
371843,SOCIAL,LR,0.620709,0.079307,0.371429
371843,SOCIAL,RL,0.395013,0.086330,0.382353
377451,SOCIAL,LR,0.467437,0.073562,0.386364
377451,SOCIAL,RL,0.896890,0.071581,0.421053
386250,SOCIAL,LR,0.822337,0.078766,0.413043
386250,SOCIAL,RL,0.204240,0.060822,0.411765
424939,SOCIAL,LR,0.265945,0.077269,0.294118
424939,SOCIAL,RL,0.254720,0.054430,0.378378
449753,SOCIAL,LR,0.518351,0.072882,0.418605
449753,SOCIAL,RL,0.450384,0.063931,0.355556
481951,SOCIAL,LR,0.387369,0.060143,0.441176
481951,SOCIAL,RL,0.452396,0.047374,0.379310
510225,SOCIAL,LR,0.286977,0.073640,0.407407
510225,SOCIAL,RL,0.232287,0.087097,0.483871
523032,SOCIAL,LR,0.246023,0.069689,0.432432
523032,SOCIAL,RL,0.300210,0.065374,0.593750
524135,SOCIAL,LR,0.121666,0.053096,0.433333
524135,SOCIAL,RL,0.144755,0.065487,0.433333
617748,SOCIAL,LR,0.460706,0.125180,0.419355
617748,SOCIAL,RL,0.677093,0.125900,0.500000
627852,SOCIAL,LR,0.254104,0.069266,0.482759
627852,SOCIAL,RL,0.431143,0.085708,0.437500
680957,SOCIAL,LR,0.248084,0.056345,0.480000
680957,SOCIAL,RL,0.628546,0.075626,0.500000
685058,SOCIAL,LR,0.188045,0.066284,0.379310
685058,SOCIAL,RL,0.229907,0.079223,0.375000
692964,SOCIAL,LR,0.592747,0.074356,0.370370
692964,SOCIAL,RL,0.796689,0.075407,0.357143
694362,SOCIAL,LR,0.583892,0.102149,0.645161
694362,SOCIAL,RL,0.140217,0.088065,0.500000
720337,SOCIAL,LR,0.532185,0.068939,0.466667
720337,SOCIAL,RL,0.347500,0.037304,0.461538
723141,SOCIAL,LR,0.431808,0.055893,0.440000
723141,SOCIAL,RL,0.233669,0.070107,0.423077
729557,SOCIAL,LR,0.107193,0.057280,0.448276
729557,SOCIAL,RL,0.093888,0.049225,0.384615
837964,SOCIAL,LR,0.238220,0.167483,0.515152
837964,SOCIAL,RL,0.408019,0.131408,0.482759
845458,SOCIAL,LR,0.257007,0.103335,0.343750
845458,SOCIAL,RL,0.177945,0.092609,0.323529
884064,SOCIAL,LR,0.215172,0.081061,0.407407
884064,SOCIAL,RL,0.215187,0.074736,0.384615
886674,SOCIAL,LR,0.146687,0.065567,0.444444
886674,SOCIAL,RL,0.169334,0.058979,0.437500
901038,SOCIAL,LR,0.454893,0.117269,0.571429
901038,SOCIAL,RL,1.208420,0.157113,0.478261
947668,SOCIAL,LR,0.316366,0.206788,0.548387
947668,SOCIAL,RL,0.352980,0.161509,0.500000
971160,SOCIAL,LR,0.454130,0.064283,0.384615
971160,SOCIAL,RL,0.269038,0.050408,0.454545
978578,SOCIAL,LR,0.161578,0.084875,0.444444
978578,SOCIAL,RL,0.279634,0.089456,0.571429
100206,SOCIAL,LR,0.310513,0.051700,0.468750
100206,SOCIAL,RL,0.214104,0.056968,0.444444
100307,SOCIAL,LR,0.334974,0.059518,0.428571
100307,SOCIAL,RL,0.329401,0.063866,0.333333
101107,SOCIAL,LR,0.432325,0.061863,0.550000
101107,SOCIAL,RL,0.387516,0.101547,0.688525
106521,SOCIAL,LR,0.183603,0.065820,0.312500
106521,SOCIAL,RL,0.322782,0.056868,0.300000
107321,SOCIAL,LR,0.089209,0.049123,0.291667
107321,SOCIAL,RL,0.099964,0.049031,0.166667
110411,SOCIAL,LR,0.147127,0.042933,0.400000
110411,SOCIAL,RL,0.273583,0.053987,0.348837
114318,SOCIAL,LR,0.431548,0.053240,0.341463
114318,SOCIAL,RL,0.585930,0.061047,0.309524
115320,SOCIAL,LR,0.256347,0.131939,0.517241
115320,SOCIAL,RL,0.148851,0.126507,0.583333
116524,SOCIAL,LR,3.227950,0.248790,0.462687
116524,SOCIAL,RL,0.869265,0.135173,0.600000
117021,SOCIAL,LR,0.206664,0.107180,0.400000
117021,SOCIAL,RL,0.558697,0.071137,0.425000
119025,SOCIAL,LR,0.154634,0.071534,0.500000
119025,SOCIAL,RL,0.425841,0.079439,0.382353
122822,SOCIAL,LR,0.180390,0.070297,0.321429
122822,SOCIAL,RL,0.158891,0.070020,0.407407
123824,SOCIAL,LR,0.898157,0.120678,0.596154
123824,SOCIAL,RL,0.467634,0.127917,0.453125
126325,SOCIAL,LR,0.276325,0.085792,0.518519
126325,SOCIAL,RL,0.617455,0.088096,0.551724
139435,SOCIAL,LR,0.198430,0.135571,0.620690
139435,SOCIAL,RL,0.589597,0.129944,0.562500
140925,SOCIAL,LR,0.776770,0.231668,0.491228
140925,SOCIAL,RL,0.575169,0.169767,0.581818
143224,SOCIAL,LR,0.336605,0.092813,0.517241
143224,SOCIAL,RL,0.443776,0.098570,0.629630
145834,SOCIAL,LR,0.297078,0.062666,0.470588
145834,SOCIAL,RL,0.172655,0.068540,0.406250
146937,SOCIAL,LR,0.241687,0.072830,0.444444
146937,SOCIAL,RL,0.322364,0.066856,0.521739
147636,SOCIAL,LR,0.222668,0.081196,0.361111
147636,SOCIAL,RL,0.112457,0.077432,0.432432
147737,SOCIAL,LR,0.340932,0.094495,0.343750
147737,SOCIAL,RL,0.163560,0.095722,0.419355
150726,SOCIAL,LR,0.230691,0.098576,0.444444
150726,SOCIAL,RL,0.139104,0.082752,0.483871
151526,SOCIAL,LR,0.489515,0.135734,0.325000
151526,SOCIAL,RL,0.538995,0.137599,0.475000
154936,SOCIAL,LR,0.456398,0.086463,0.555556
154936,SOCIAL,RL,0.849665,0.093019,0.509434
156435,SOCIAL,LR,0.302365,0.057997,0.297297
156435,SOCIAL,RL,0.301860,0.069530,0.333333
156637,SOCIAL,LR,0.359630,0.166170,0.283019
156637,SOCIAL,RL,0.588858,0.171690,0.312500
157336,SOCIAL,LR,0.213745,0.055890,0.432432
157336,SOCIAL,RL,0.360872,0.055440,0.580645
159138,SOCIAL,LR,0.160404,0.083442,0.440000
159138,SOCIAL,RL,0.217733,0.076371,0.325000
160729,SOCIAL,LR,0.275839,0.075660,0.361111
160729,SOCIAL,RL,0.633338,0.059681,0.400000
162935,SOCIAL,LR,0.275910,0.121887,0.307692
162935,SOCIAL,RL,0.185671,0.135113,0.285714
163836,SOCIAL,LR,0.515014,0.165836,0.680000
163836,SOCIAL,RL,0.552065,0.129076,0.730769
165638,SOCIAL,LR,0.211451,0.115920,0.489796
165638,SOCIAL,RL,0.231893,0.086727,0.500000
166640,SOCIAL,LR,1.035990,0.133410,0.375000
166640,SOCIAL,RL,1.465340,0.137672,0.413043
168947,SOCIAL,LR,0.283296,0.050787,0.480000
168947,SOCIAL,RL,0.127611,0.056735,0.518519
169343,SOCIAL,LR,0.352501,0.085569,0.480000
169343,SOCIAL,RL,0.293140,0.080128,0.558824
169444,SOCIAL,LR,0.382585,0.057512,0.459459
169444,SOCIAL,RL,0.254381,0.057878,0.468750
171532,SOCIAL,LR,1.010260,0.136529,0.392857
171532,SOCIAL,RL,0.897606,0.107829,0.521739
172938,SOCIAL,LR,0.680498,0.127267,0.714286
172938,SOCIAL,RL,0.445851,0.093783,0.583333
175035,SOCIAL,LR,0.202864,0.141519,0.586207
175035,SOCIAL,RL,0.411937,0.106686,0.428571
175439,SOCIAL,LR,0.291400,0.179719,0.551724
175439,SOCIAL,RL,0.430500,0.164853,0.555556
176744,SOCIAL,LR,0.236870,0.054335,0.447368
176744,SOCIAL,RL,0.248752,0.065761,0.388889
178748,SOCIAL,LR,0.652956,0.115584,0.605634
178748,SOCIAL,RL,0.350793,0.073316,0.500000
180432,SOCIAL,LR,0.409352,0.060839,0.235294
180432,SOCIAL,RL,0.345662,0.056599,0.250000
186444,SOCIAL,LR,1.569700,0.114763,0.485714
186444,SOCIAL,RL,0.550280,0.085293,0.388889
191235,SOCIAL,LR,0.261462,0.103986,0.536585
191235,SOCIAL,RL,0.526981,0.111239,0.531915
192641,SOCIAL,LR,0.170383,0.065196,0.440000
192641,SOCIAL,RL,0.261574,0.069743,0.346154
193239,SOCIAL,LR,0.668105,0.056120,0.517241
193239,SOCIAL,RL,0.324248,0.063268,0.592593
198047,SOCIAL,LR,0.342693,0.072737,0.354167
198047,SOCIAL,RL,0.510540,0.083320,0.470588
199150,SOCIAL,LR,0.338153,0.168459,0.425532
199150,SOCIAL,RL,0.496060,0.168049,0.378378
203418,SOCIAL,LR,0.241022,0.065583,0.294118
203418,SOCIAL,RL,0.228015,0.051923,0.363636
207123,SOCIAL,LR,0.214311,0.161567,0.416667
207123,SOCIAL,RL,0.247595,0.137506,0.282051
209329,SOCIAL,LR,0.170694,0.070134,0.551724
209329,SOCIAL,RL,0.145672,0.065319,0.538462
209834,SOCIAL,LR,0.508104,0.152876,0.481481
209834,SOCIAL,RL,0.791356,0.177312,0.391304
211619,SOCIAL,LR,0.348288,0.091641,0.500000
211619,SOCIAL,RL,0.369862,0.058866,0.535714
211720,SOCIAL,LR,0.432958,0.100826,0.325000
211720,SOCIAL,RL,0.154364,0.080736,0.222222
217429,SOCIAL,LR,0.171557,0.050960,0.576923
217429,SOCIAL,RL,0.195783,0.052972,0.357143
228434,SOCIAL,LR,0.155079,0.085090,0.321429
228434,SOCIAL,RL,0.138166,0.091866,0.407407
250427,SOCIAL,LR,0.290219,0.138213,0.433333
250427,SOCIAL,RL,0.279861,0.135788,0.500000
255639,SOCIAL,LR,0.419633,0.063424,0.458333
255639,SOCIAL,RL,0.401515,0.075315,0.500000
280739,SOCIAL,LR,0.270685,0.102294,0.608696
280739,SOCIAL,RL,0.865248,0.088152,0.423077
280941,SOCIAL,LR,0.118234,0.090930,0.518519
280941,SOCIAL,RL,0.127230,0.101282,0.541667
283543,SOCIAL,LR,0.172797,0.098959,0.255814
283543,SOCIAL,RL,0.864038,0.096042,0.285714
297655,SOCIAL,LR,0.448699,0.057161,0.423077
297655,SOCIAL,RL,0.478009,0.050661,0.458333
298051,SOCIAL,LR,0.311297,0.120840,0.470588
298051,SOCIAL,RL,0.321743,0.146815,0.500000
303624,SOCIAL,LR,0.626580,0.098614,0.488889
303624,SOCIAL,RL,0.670297,0.083898,0.444444
322224,SOCIAL,LR,0.334371,0.048943,0.636364
322224,SOCIAL,RL,0.103999,0.054192,0.523810
330324,SOCIAL,LR,0.141918,0.089927,0.441176
330324,SOCIAL,RL,0.116074,0.092846,0.366667
346137,SOCIAL,LR,0.802473,0.109473,0.424242
346137,SOCIAL,RL,0.505622,0.120901,0.555556
351938,SOCIAL,LR,0.098133,0.039967,0.322581
351938,SOCIAL,RL,0.199118,0.041174,0.393939
378756,SOCIAL,LR,0.329136,0.137841,0.392857
378756,SOCIAL,RL,0.311583,0.129720,0.600000
389357,SOCIAL,LR,0.388709,0.096853,0.538462
389357,SOCIAL,RL,0.107503,0.123455,0.500000
395958,SOCIAL,LR,0.493580,0.075682,0.400000
395958,SOCIAL,RL,0.312228,0.093026,0.590909
401422,SOCIAL,LR,0.261270,0.077339,0.535714
401422,SOCIAL,RL,0.371783,0.080388,0.400000
465852,SOCIAL,LR,0.315731,0.115240,0.382353
465852,SOCIAL,RL,0.448949,0.128353,0.500000
481042,SOCIAL,LR,0.248165,0.057036,0.458333
481042,SOCIAL,RL,0.237550,0.062973,0.423077
492754,SOCIAL,LR,0.195487,0.090829,0.424242
492754,SOCIAL,RL,0.175242,0.086283,0.484848
552544,SOCIAL,LR,0.155184,0.057903,0.344828
552544,SOCIAL,RL,0.150981,0.058481,0.379310
553344,SOCIAL,LR,0.230626,0.069331,0.354839
553344,SOCIAL,RL,0.311187,0.065521,0.323529
562345,SOCIAL,LR,0.495365,0.189205,0.310345
562345,SOCIAL,RL,0.442337,0.180649,0.321429
579665,SOCIAL,LR,0.434866,0.066831,0.555556
579665,SOCIAL,RL,0.552234,0.071336,0.580645
580044,SOCIAL,LR,0.159261,0.106258,0.410256
580044,SOCIAL,RL,0.262314,0.090769,0.435897
580347,SOCIAL,LR,0.127520,0.079794,0.516129
580347,SOCIAL,RL,0.212363,0.074878,0.576923
585256,SOCIAL,LR,0.412772,0.097622,0.571429
585256,SOCIAL,RL,0.346381,0.098078,0.437500
586460,SOCIAL,LR,0.241900,0.050764,0.424242
586460,SOCIAL,RL,0.275410,0.050370,0.486486
599469,SOCIAL,LR,0.599237,0.131549,0.500000
599469,SOCIAL,RL,0.446846,0.100108,0.421053
620434,SOCIAL,LR,0.391790,0.058017,0.466667
620434,SOCIAL,RL,0.527245,0.068256,0.515152
656253,SOCIAL,LR,0.129229,0.079145,0.370370
656253,SOCIAL,RL,0.147363,0.104730,0.448276
665254,SOCIAL,LR,0.475354,0.079447,0.454545
665254,SOCIAL,RL,0.569663,0.077828,0.424242
671855,SOCIAL,LR,0.251942,0.114347,0.531250
671855,SOCIAL,RL,0.371199,0.100117,0.571429
688569,SOCIAL,LR,0.227568,0.075568,0.466667
688569,SOCIAL,RL,0.356304,0.078353,0.454545
695768,SOCIAL,LR,0.421424,0.133599,0.620690
695768,SOCIAL,RL,0.315083,0.152280,0.392857
727553,SOCIAL,LR,0.758469,0.056023,0.393939
727553,SOCIAL,RL,0.468997,0.056123,0.411765
729254,SOCIAL,LR,0.151976,0.048350,0.370370
729254,SOCIAL,RL,0.134851,0.072356,0.391304
731140,SOCIAL,LR,0.123197,0.095613,0.548387
731140,SOCIAL,RL,0.240225,0.088574,0.518519
749058,SOCIAL,LR,0.073704,0.048248,0.363636
749058,SOCIAL,RL,0.076893,0.037694,0.290323
749361,SOCIAL,LR,0.256022,0.096036,0.294118
749361,SOCIAL,RL,0.409627,0.122006,0.378378
751348,SOCIAL,LR,0.189660,0.057363,0.363636
751348,SOCIAL,RL,0.189221,0.054390,0.388889
769064,SOCIAL,LR,0.559139,0.076727,0.575758
769064,SOCIAL,RL,0.680474,0.071550,0.517241
825048,SOCIAL,LR,0.266731,0.087573,0.520000
825048,SOCIAL,RL,0.191242,0.076591,0.520000
833148,SOCIAL,LR,0.051002,0.040079,0.428571
833148,SOCIAL,RL,0.087613,0.037688,0.500000
869472,SOCIAL,LR,1.120940,0.143739,0.400000
869472,SOCIAL,RL,1.195930,0.117463,0.388889
882161,SOCIAL,LR,0.163340,0.128997,0.517241
882161,SOCIAL,RL,0.112356,0.108701,0.481481
887373,SOCIAL,LR,0.194865,0.047810,0.404255
887373,SOCIAL,RL,0.351617,0.051201,0.354839
901442,SOCIAL,LR,0.437956,0.061555,0.413793
901442,SOCIAL,RL,0.209370,0.055048,0.448276
910241,SOCIAL,LR,0.365313,0.092406,0.387097
910241,SOCIAL,RL,0.327223,0.104406,0.416667
926862,SOCIAL,LR,1.174500,0.060022,0.375000
926862,SOCIAL,RL,0.281734,0.060715,0.333333
942658,SOCIAL,LR,0.289938,0.060991,0.312500
942658,SOCIAL,RL,0.109695,0.070283,0.393939
972566,SOCIAL,LR,0.240549,0.149088,0.514286
972566,SOCIAL,RL,0.300227,0.144636,0.545455
445543,GAMBLING,LR,0.453403,0.074579,0.400000
445543,GAMBLING,RL,0.236160,0.094613,0.413793
680250,GAMBLING,LR,0.264365,0.170003,0.666667
680250,GAMBLING,RL,0.296301,0.174880,0.619048
867468,GAMBLING,LR,0.382214,0.067026,0.391304
867468,GAMBLING,RL,0.185203,0.095821,0.354839
107422,GAMBLING,LR,0.142668,0.061175,0.400000
107422,GAMBLING,RL,0.170947,0.068394,0.304348
101915,GAMBLING,LR,0.401152,0.069736,0.703704
101915,GAMBLING,RL,0.300416,0.065772,0.666667
930449,GAMBLING,LR,0.375833,0.047547,0.500000
930449,GAMBLING,RL,0.689366,0.055023,0.565217
529549,GAMBLING,LR,0.184356,0.097894,0.444444
529549,GAMBLING,RL,0.145624,0.089631,0.384615
108222,GAMBLING,LR,0.230006,0.074145,0.464286
108222,GAMBLING,RL,0.337063,0.055424,0.500000
156536,GAMBLING,LR,0.481813,0.053845,0.343750
156536,GAMBLING,RL,0.119511,0.046781,0.318182
130922,GAMBLING,LR,0.316531,0.075236,0.555556
130922,GAMBLING,RL,0.339635,0.069785,0.375000
687163,GAMBLING,LR,0.438680,0.086084,0.392857
687163,GAMBLING,RL,0.293457,0.093399,0.520000
103818,GAMBLING,LR,0.220346,0.100764,0.600000
103818,GAMBLING,RL,0.201638,0.082061,0.520000
385046,GAMBLING,LR,0.471322,0.054539,0.480000
385046,GAMBLING,RL,0.103439,0.051960,0.464286
125222,GAMBLING,LR,0.126763,0.074119,0.655172
125222,GAMBLING,RL,0.263426,0.066729,0.500000
495255,GAMBLING,LR,0.385743,0.090717,0.366667
495255,GAMBLING,RL,0.269672,0.088671,0.518519
158136,GAMBLING,LR,0.185519,0.096501,0.448276
158136,GAMBLING,RL,0.305380,0.080476,0.464286
196952,GAMBLING,LR,0.123089,0.063564,0.560000
196952,GAMBLING,RL,0.219380,0.053335,0.541667
213522,GAMBLING,LR,0.281951,0.066074,0.608696
213522,GAMBLING,RL,0.251716,0.060174,0.571429
382242,GAMBLING,LR,0.365746,0.205629,0.640000
382242,GAMBLING,RL,0.332617,0.183082,0.523810
187850,GAMBLING,LR,0.306340,0.090594,0.400000
187850,GAMBLING,RL,0.366785,0.069123,0.482759
773257,GAMBLING,LR,0.186999,0.086743,0.586207
773257,GAMBLING,RL,0.239817,0.085129,0.615385
959574,GAMBLING,LR,0.543226,0.045136,0.375000
959574,GAMBLING,RL,0.516468,0.045472,0.400000
110613,GAMBLING,LR,0.230382,0.101550,0.555556
110613,GAMBLING,RL,0.268249,0.088248,0.480000
177140,GAMBLING,LR,0.171582,0.081854,0.583333
177140,GAMBLING,RL,0.226650,0.073926,0.653846
128127,GAMBLING,LR,0.335848,0.053612,0.409091
128127,GAMBLING,RL,0.784980,0.057427,0.677419
111312,GAMBLING,LR,0.379283,0.080505,0.600000
111312,GAMBLING,RL,0.327764,0.077325,0.629630
815247,GAMBLING,LR,0.518420,0.086886,0.633333
815247,GAMBLING,RL,0.613667,0.064512,0.592593
192136,GAMBLING,LR,0.272983,0.045352,0.727273
192136,GAMBLING,RL,0.195125,0.041576,0.666667
952863,GAMBLING,LR,0.703666,0.105485,0.562500
952863,GAMBLING,RL,0.114579,0.068971,0.480000
767464,GAMBLING,LR,0.118822,0.073856,0.500000
767464,GAMBLING,RL,0.432439,0.078457,0.739130
231928,GAMBLING,LR,0.354285,0.098822,0.633333
231928,GAMBLING,RL,0.297058,0.084601,0.454545
192540,GAMBLING,LR,0.596303,0.060987,0.434783
192540,GAMBLING,RL,0.319529,0.055875,0.280000
121416,GAMBLING,LR,0.395568,0.069450,0.500000
121416,GAMBLING,RL,0.328904,0.063747,0.565217
130114,GAMBLING,LR,0.123314,0.067734,0.541667
130114,GAMBLING,RL,0.140103,0.072897,0.583333
178950,GAMBLING,LR,0.171634,0.063122,0.571429
178950,GAMBLING,RL,0.151440,0.099646,0.666667
996782,GAMBLING,LR,0.452350,0.079506,0.360000
996782,GAMBLING,RL,0.583382,0.073939,0.379310
119732,GAMBLING,LR,0.364689,0.058301,0.448276
119732,GAMBLING,RL,0.244404,0.062898,0.419355
109325,GAMBLING,LR,0.284863,0.131643,0.441176
109325,GAMBLING,RL,0.216342,0.120699,0.520000
139637,GAMBLING,LR,0.207070,0.091183,0.541667
139637,GAMBLING,RL,0.284777,0.072694,0.600000
178243,GAMBLING,LR,0.337386,0.127123,0.560000
178243,GAMBLING,RL,0.285043,0.120948,0.500000
176845,GAMBLING,LR,0.379969,0.081103,0.434783
176845,GAMBLING,RL,0.271178,0.103963,0.360000
111413,GAMBLING,LR,0.505746,0.064353,0.482759
111413,GAMBLING,RL,0.348923,0.081519,0.448276
567961,GAMBLING,LR,0.195227,0.062580,0.545455
567961,GAMBLING,RL,0.284513,0.044936,0.619048
156233,GAMBLING,LR,5.424540,0.204133,0.439024
156233,GAMBLING,RL,2.553570,0.428820,0.577778
178142,GAMBLING,LR,0.297663,0.056757,0.478261
178142,GAMBLING,RL,0.199761,0.067165,0.636364
308129,GAMBLING,LR,0.315319,0.090849,0.291667
308129,GAMBLING,RL,0.188336,0.122146,0.326923
529953,GAMBLING,LR,0.127257,0.069254,0.642857
529953,GAMBLING,RL,0.240069,0.072575,0.600000
993675,GAMBLING,LR,0.210852,0.083917,0.500000
993675,GAMBLING,RL,0.325170,0.076627,0.500000
108323,GAMBLING,LR,0.117487,0.055255,0.576923
108323,GAMBLING,RL,0.409928,0.043001,0.625000
922854,GAMBLING,LR,0.966155,0.116781,0.392857
922854,GAMBLING,RL,0.167491,0.131021,0.608696
594156,GAMBLING,LR,0.411507,0.068524,0.576923
594156,GAMBLING,RL,0.254011,0.087730,0.518519
657659,GAMBLING,LR,0.497705,0.054145,0.666667
657659,GAMBLING,RL,0.125227,0.036355,0.652174
917558,GAMBLING,LR,0.158658,0.099417,0.608696
917558,GAMBLING,RL,0.117740,0.116492,0.750000
113316,GAMBLING,LR,0.260690,0.136446,0.520000
113316,GAMBLING,RL,0.192455,0.095908,0.458333
111716,GAMBLING,LR,1.883240,0.077368,0.642857
111716,GAMBLING,RL,2.203670,0.085152,0.714286
193845,GAMBLING,LR,0.405997,0.057790,0.384615
193845,GAMBLING,RL,0.818550,0.064917,0.428571
555348,GAMBLING,LR,0.284781,0.134499,0.642857
555348,GAMBLING,RL,0.427197,0.126735,0.576923
180230,GAMBLING,LR,0.119143,0.081459,0.444444
180230,GAMBLING,RL,0.160879,0.059440,0.375000
634748,GAMBLING,LR,0.183102,0.059298,0.772727
634748,GAMBLING,RL,0.279557,0.054382,0.450000
194746,GAMBLING,LR,0.463022,0.078930,0.720000
194746,GAMBLING,RL,0.615634,0.069094,0.545455
355239,GAMBLING,LR,0.477494,0.142753,0.250000
355239,GAMBLING,RL,0.339699,0.131537,0.476190
196144,GAMBLING,LR,0.105163,0.108714,0.600000
196144,GAMBLING,RL,0.151196,0.099205,0.608696
188145,GAMBLING,LR,0.171698,0.104801,0.722222
188145,GAMBLING,RL,0.202838,0.117034,0.736842
141119,GAMBLING,LR,0.242758,0.081253,0.461538
141119,GAMBLING,RL,0.206008,0.090437,0.518519
885975,GAMBLING,LR,0.303671,0.058689,0.434783
885975,GAMBLING,RL,0.603013,0.074141,0.666667
213017,GAMBLING,LR,0.647295,0.080704,0.533333
213017,GAMBLING,RL,0.362166,0.073201,0.636364
131924,GAMBLING,LR,0.197577,0.157648,0.481481
131924,GAMBLING,RL,0.169628,0.129436,0.346154
198350,GAMBLING,LR,0.375468,0.068520,0.357143
198350,GAMBLING,RL,0.160392,0.071427,0.444444
969476,GAMBLING,LR,0.528867,0.066969,0.392857
969476,GAMBLING,RL,0.215524,0.076093,0.384615
419239,GAMBLING,LR,0.341832,0.118392,0.500000
419239,GAMBLING,RL,0.339157,0.140762,0.684211
151627,GAMBLING,LR,0.138475,0.064875,0.666667
151627,GAMBLING,RL,0.478913,0.068740,0.521739
102311,GAMBLING,LR,0.604432,0.062394,0.571429
102311,GAMBLING,RL,0.415825,0.059101,0.586207
872764,GAMBLING,LR,0.359266,0.112313,0.416667
872764,GAMBLING,RL,0.903122,0.104210,0.629630
118124,GAMBLING,LR,0.195030,0.100342,0.217391
118124,GAMBLING,RL,0.236075,0.102575,0.200000
127832,GAMBLING,LR,0.306366,0.083518,0.608696
127832,GAMBLING,RL,0.191871,0.097667,0.521739
715647,GAMBLING,LR,0.111670,0.045546,0.625000
715647,GAMBLING,RL,0.178495,0.044166,0.545455
146129,GAMBLING,LR,0.257310,0.081874,0.470588
146129,GAMBLING,RL,0.288857,0.068121,0.518519
214019,GAMBLING,LR,0.145250,0.110590,0.444444
214019,GAMBLING,RL,0.149515,0.067304,0.562500
123521,GAMBLING,LR,0.287192,0.096710,0.307692
123521,GAMBLING,RL,0.250568,0.103976,0.290323
857263,GAMBLING,LR,0.111016,0.077447,0.392857
857263,GAMBLING,RL,0.184761,0.078094,0.481481
163432,GAMBLING,LR,0.127506,0.063431,0.440000
163432,GAMBLING,RL,0.250257,0.071504,0.478261
128935,GAMBLING,LR,1.004670,0.085705,0.640000
128935,GAMBLING,RL,0.952846,0.090461,0.714286
172534,GAMBLING,LR,0.750549,0.066569,0.625000
172534,GAMBLING,RL,0.515701,0.050098,0.538462
827052,GAMBLING,LR,0.472481,0.049885,0.384615
827052,GAMBLING,RL,0.533959,0.064744,0.310345
180735,GAMBLING,LR,0.251096,0.067679,0.636364
180735,GAMBLING,RL,0.341923,0.056382,0.590909
991267,GAMBLING,LR,0.109022,0.071258,0.428571
991267,GAMBLING,RL,0.248961,0.071204,0.304348
167036,GAMBLING,LR,0.453512,0.060128,0.407407
167036,GAMBLING,RL,0.761217,0.058707,0.500000
164030,GAMBLING,LR,0.081138,0.055736,0.360000
164030,GAMBLING,RL,0.170523,0.049581,0.428571
106824,GAMBLING,LR,0.434581,0.052333,0.446809
106824,GAMBLING,RL,0.232689,0.045404,0.451613
513130,GAMBLING,LR,0.842242,0.082580,0.625000
513130,GAMBLING,RL,0.357651,0.069727,0.619048
165840,GAMBLING,LR,0.452688,0.078753,0.555556
165840,GAMBLING,RL,0.253373,0.058718,0.500000
169040,GAMBLING,LR,0.571430,0.144980,0.444444
169040,GAMBLING,RL,0.786693,0.134865,0.422222
973770,GAMBLING,LR,0.294431,0.087699,0.666667
973770,GAMBLING,RL,0.140724,0.095617,0.592593
519950,GAMBLING,LR,0.087469,0.077631,0.407407
519950,GAMBLING,RL,0.140063,0.091602,0.600000
120414,GAMBLING,LR,0.216698,0.055815,0.500000
120414,GAMBLING,RL,0.600346,0.059895,0.592593
154330,GAMBLING,LR,0.412859,0.129923,0.553191
154330,GAMBLING,RL,0.250094,0.117686,0.368421
899885,GAMBLING,LR,0.403984,0.048966,0.571429
899885,GAMBLING,RL,0.340344,0.055748,0.500000
275645,GAMBLING,LR,1.311580,0.098958,0.739130
275645,GAMBLING,RL,0.256711,0.093265,0.423077
112920,GAMBLING,LR,0.124933,0.091025,0.391304
112920,GAMBLING,RL,0.198684,0.083288,0.416667
707749,GAMBLING,LR,0.410680,0.123425,0.636364
707749,GAMBLING,RL,0.378252,0.133470,0.882353
656657,GAMBLING,LR,0.334480,0.112306,0.512195
656657,GAMBLING,RL,0.234994,0.094205,0.500000
150928,GAMBLING,LR,0.465665,0.078013,0.600000
150928,GAMBLING,RL,0.512965,0.090683,0.621212
771354,GAMBLING,LR,0.169457,0.081346,0.518519
771354,GAMBLING,RL,0.168365,0.070675,0.440000
191942,GAMBLING,LR,0.134202,0.062456,0.333333
191942,GAMBLING,RL,0.337780,0.064497,0.400000
395251,GAMBLING,LR,0.115201,0.074688,0.464286
395251,GAMBLING,RL,0.151042,0.081724,0.481481
192843,GAMBLING,LR,0.233887,0.062197,0.523810
192843,GAMBLING,RL,0.483449,0.062976,0.428571
133928,GAMBLING,LR,2.012250,0.071211,0.454545
133928,GAMBLING,RL,0.230521,0.052845,0.458333
878877,GAMBLING,LR,0.112317,0.080983,0.500000
878877,GAMBLING,RL,0.240463,0.086305,0.482759
105115,GAMBLING,LR,0.141338,0.052768,0.400000
105115,GAMBLING,RL,0.164044,0.063211,0.440000
105620,GAMBLING,LR,0.159010,0.053117,0.434783
105620,GAMBLING,RL,0.530452,0.062058,0.366667
107018,GAMBLING,LR,0.114981,0.078043,0.750000
107018,GAMBLING,RL,0.233494,0.088368,0.545455
107220,GAMBLING,LR,0.485950,0.194941,0.517241
107220,GAMBLING,RL,0.782605,0.151296,0.296296
115219,GAMBLING,LR,0.553574,0.126981,0.678571
115219,GAMBLING,RL,0.195283,0.097596,0.571429
117930,GAMBLING,LR,0.198077,0.095633,0.571429
117930,GAMBLING,RL,0.142028,0.115427,0.521739
118023,GAMBLING,LR,0.153577,0.103910,0.566667
118023,GAMBLING,RL,0.125122,0.127744,0.607143
118225,GAMBLING,LR,0.100108,0.086312,0.416667
118225,GAMBLING,RL,0.219230,0.068633,0.363636
128026,GAMBLING,LR,0.638620,0.091889,0.407407
128026,GAMBLING,RL,0.403377,0.094322,0.428571
134829,GAMBLING,LR,1.401910,0.075376,0.730769
134829,GAMBLING,RL,0.410790,0.071231,0.576923
135124,GAMBLING,LR,0.181626,0.041633,0.500000
135124,GAMBLING,RL,0.218369,0.043585,0.578947
137229,GAMBLING,LR,0.208443,0.103872,0.454545
137229,GAMBLING,RL,0.155733,0.114665,0.523810
139839,GAMBLING,LR,0.295085,0.057221,0.636364
139839,GAMBLING,RL,0.428640,0.066939,0.636364
143325,GAMBLING,LR,0.635316,0.100222,0.333333
143325,GAMBLING,RL,0.659534,0.092385,0.391304
145632,GAMBLING,LR,0.248228,0.069763,0.478261
145632,GAMBLING,RL,0.177364,0.070650,0.500000
148335,GAMBLING,LR,0.248250,0.127646,0.428571
148335,GAMBLING,RL,0.312008,0.103681,0.500000
148840,GAMBLING,LR,0.145629,0.085372,0.413793
148840,GAMBLING,RL,0.372694,0.051404,0.461538
149236,GAMBLING,LR,0.353292,0.067900,0.520000
149236,GAMBLING,RL,0.192954,0.077777,0.500000
149842,GAMBLING,LR,0.676083,0.086456,0.533333
149842,GAMBLING,RL,0.396439,0.056251,0.480000
152831,GAMBLING,LR,0.227147,0.074119,0.629630
152831,GAMBLING,RL,0.166895,0.053069,0.600000
155231,GAMBLING,LR,0.237928,0.070251,0.464286
155231,GAMBLING,RL,0.201927,0.063126,0.307692
157942,GAMBLING,LR,0.087117,0.071139,0.538462
157942,GAMBLING,RL,0.306247,0.057979,0.555556
159946,GAMBLING,LR,1.003450,0.103085,0.440000
159946,GAMBLING,RL,0.355005,0.071594,0.321429
160830,GAMBLING,LR,0.996587,0.075394,0.733333
160830,GAMBLING,RL,1.494910,0.070673,0.696970
161327,GAMBLING,LR,0.973353,0.129843,0.500000
161327,GAMBLING,RL,0.214423,0.133526,0.592593
167440,GAMBLING,LR,0.372592,0.069012,0.583333
167440,GAMBLING,RL,0.232105,0.069515,0.592593
170934,GAMBLING,LR,0.211451,0.102030,0.423077
170934,GAMBLING,RL,0.145531,0.090497,0.454545
180129,GAMBLING,LR,0.527035,0.124684,0.592593
180129,GAMBLING,RL,2.234300,0.187293,0.652174
185341,GAMBLING,LR,0.258889,0.094404,0.413793
185341,GAMBLING,RL,0.425137,0.085103,0.586207
185442,GAMBLING,LR,0.167221,0.055594,0.652174
185442,GAMBLING,RL,0.174298,0.061639,0.500000
186848,GAMBLING,LR,0.256346,0.173415,0.666667
186848,GAMBLING,RL,0.361100,0.109334,0.541667
197550,GAMBLING,LR,0.225848,0.126730,0.541667
197550,GAMBLING,RL,0.182825,0.075296,0.423077
198855,GAMBLING,LR,0.248149,0.060130,0.727273
198855,GAMBLING,RL,0.139756,0.063132,0.650000
200513,GAMBLING,LR,0.412211,0.061548,0.464286
200513,GAMBLING,RL,0.318076,0.058005,0.468750
200917,GAMBLING,LR,0.160965,0.074205,0.379310
200917,GAMBLING,RL,0.213648,0.090461,0.545455
201111,GAMBLING,LR,0.298726,0.053175,0.541667
201111,GAMBLING,RL,0.234430,0.060083,0.517241
202820,GAMBLING,LR,0.321688,0.085673,0.476190
202820,GAMBLING,RL,0.556347,0.085443,0.300000
204016,GAMBLING,LR,0.611385,0.119317,0.451613
204016,GAMBLING,RL,0.702853,0.077172,0.346154
211316,GAMBLING,LR,0.145315,0.080968,0.631579
211316,GAMBLING,RL,0.119816,0.080711,0.578947
238033,GAMBLING,LR,0.590503,0.051753,0.586207
238033,GAMBLING,RL,0.977624,0.049554,0.629630
239136,GAMBLING,LR,0.324423,0.112041,0.500000
239136,GAMBLING,RL,0.329712,0.113777,0.333333
255740,GAMBLING,LR,0.221080,0.050236,0.360000
255740,GAMBLING,RL,0.268401,0.075350,0.500000
257946,GAMBLING,LR,0.586102,0.088908,0.406250
257946,GAMBLING,RL,0.203676,0.100797,0.459459
274542,GAMBLING,LR,0.150773,0.068655,0.517241
274542,GAMBLING,RL,0.289951,0.061632,0.448276
290136,GAMBLING,LR,0.163409,0.060946,0.440000
290136,GAMBLING,RL,0.243998,0.059615,0.416667
310621,GAMBLING,LR,0.167633,0.074070,0.391304
310621,GAMBLING,RL,0.490158,0.097657,0.500000
341834,GAMBLING,LR,0.095045,0.078316,0.533333
341834,GAMBLING,RL,0.165387,0.074678,0.400000
348545,GAMBLING,LR,0.164627,0.069040,0.782609
348545,GAMBLING,RL,0.234743,0.071888,0.571429
361941,GAMBLING,LR,0.541647,0.082559,0.403846
361941,GAMBLING,RL,0.284692,0.067305,0.476190
371843,GAMBLING,LR,0.328342,0.094915,0.218750
371843,GAMBLING,RL,0.237543,0.092639,0.382353
377451,GAMBLING,LR,0.288295,0.059060,0.437500
377451,GAMBLING,RL,0.361986,0.068554,0.464286
386250,GAMBLING,LR,0.091820,0.065758,0.464286
386250,GAMBLING,RL,0.100829,0.059816,0.300000
424939,GAMBLING,LR,0.337023,0.077668,0.625000
424939,GAMBLING,RL,0.256846,0.052851,0.476190
449753,GAMBLING,LR,0.419923,0.065748,0.565217
449753,GAMBLING,RL,0.232248,0.073301,0.520000
481951,GAMBLING,LR,0.391562,0.058065,0.500000
481951,GAMBLING,RL,0.403475,0.060541,0.576923
510225,GAMBLING,LR,0.379374,0.060846,0.583333
510225,GAMBLING,RL,0.318357,0.071335,0.461538
523032,GAMBLING,LR,0.502204,0.060151,0.600000
523032,GAMBLING,RL,0.297615,0.059747,0.583333
524135,GAMBLING,LR,0.181546,0.059102,0.541667
524135,GAMBLING,RL,0.130615,0.068890,0.423077
617748,GAMBLING,LR,0.377162,0.147638,0.555556
617748,GAMBLING,RL,0.281781,0.116014,0.500000
627852,GAMBLING,LR,0.311979,0.058864,0.500000
627852,GAMBLING,RL,0.552174,0.052480,0.416667
680957,GAMBLING,LR,0.418658,0.128965,0.370370
680957,GAMBLING,RL,0.293022,0.127771,0.413793
685058,GAMBLING,LR,0.398358,0.072927,0.600000
685058,GAMBLING,RL,0.155000,0.071137,0.500000
692964,GAMBLING,LR,1.059370,0.094798,0.677419
692964,GAMBLING,RL,1.166420,0.080919,0.562500
694362,GAMBLING,LR,0.377372,0.066732,0.500000
694362,GAMBLING,RL,0.482995,0.061142,0.583333
720337,GAMBLING,LR,0.568650,0.059774,0.416667
720337,GAMBLING,RL,0.228455,0.044785,0.480000
723141,GAMBLING,LR,0.182291,0.060521,0.650000
723141,GAMBLING,RL,0.223206,0.079264,0.500000
729557,GAMBLING,LR,0.134465,0.058364,0.391304
729557,GAMBLING,RL,0.136119,0.082960,0.590909
837964,GAMBLING,LR,0.579165,0.195056,0.680000
837964,GAMBLING,RL,0.314617,0.116437,0.666667
845458,GAMBLING,LR,0.699954,0.078607,0.312500
845458,GAMBLING,RL,0.561380,0.074606,0.218750
884064,GAMBLING,LR,0.195585,0.078422,0.521739
884064,GAMBLING,RL,0.447995,0.076162,0.608696
886674,GAMBLING,LR,0.122634,0.046574,0.214286
886674,GAMBLING,RL,0.056235,0.050545,0.413793
901038,GAMBLING,LR,1.369470,0.287416,0.615385
901038,GAMBLING,RL,0.453344,0.118725,0.606061
947668,GAMBLING,LR,0.674047,0.142462,0.342857
947668,GAMBLING,RL,1.549020,0.150098,0.380952
971160,GAMBLING,LR,0.331112,0.084735,0.392857
971160,GAMBLING,RL,0.198976,0.069042,0.291667
978578,GAMBLING,LR,0.216464,0.078426,0.454545
978578,GAMBLING,RL,0.155890,0.077832,0.391304
100206,GAMBLING,LR,0.112299,0.042980,0.500000
100206,GAMBLING,RL,0.148536,0.048465,0.478261
100307,GAMBLING,LR,0.113859,0.060984,0.500000
100307,GAMBLING,RL,0.119724,0.059223,0.368421
101107,GAMBLING,LR,0.130050,0.058747,0.518519
101107,GAMBLING,RL,0.188652,0.062417,0.629630
106521,GAMBLING,LR,1.194090,0.074315,0.518519
106521,GAMBLING,RL,0.449258,0.071878,0.481481
107321,GAMBLING,LR,0.266762,0.067618,0.400000
107321,GAMBLING,RL,0.866120,0.077757,0.653846
110411,GAMBLING,LR,0.150059,0.048936,0.500000
110411,GAMBLING,RL,0.335280,0.042152,0.500000
114318,GAMBLING,LR,0.406883,0.063704,0.485714
114318,GAMBLING,RL,0.267389,0.050030,0.346154
115320,GAMBLING,LR,0.235869,0.100126,0.521739
115320,GAMBLING,RL,0.183455,0.118909,0.619048
116524,GAMBLING,LR,0.331576,0.139259,0.720930
116524,GAMBLING,RL,0.338439,0.122793,0.470588
117021,GAMBLING,LR,0.203437,0.075252,0.555556
117021,GAMBLING,RL,0.152966,0.071052,0.533333
119025,GAMBLING,LR,0.362889,0.076636,0.615385
119025,GAMBLING,RL,0.220061,0.080544,0.592593
122822,GAMBLING,LR,0.264558,0.089260,0.450000
122822,GAMBLING,RL,0.114050,0.076890,0.476190
123824,GAMBLING,LR,0.543644,0.121562,0.400000
123824,GAMBLING,RL,0.203620,0.073191,0.600000
126325,GAMBLING,LR,0.548751,0.118380,0.541667
126325,GAMBLING,RL,0.612311,0.114212,0.523810
139435,GAMBLING,LR,0.277595,0.104281,0.545455
139435,GAMBLING,RL,0.439441,0.089965,0.600000
140925,GAMBLING,LR,0.163238,0.142351,0.500000
140925,GAMBLING,RL,0.212666,0.135183,0.481481
143224,GAMBLING,LR,0.227308,0.066958,0.400000
143224,GAMBLING,RL,0.290003,0.082720,0.592593
145834,GAMBLING,LR,0.305881,0.059315,0.612903
145834,GAMBLING,RL,0.269504,0.061464,0.500000
146937,GAMBLING,LR,0.182596,0.059052,0.437500
146937,GAMBLING,RL,0.235496,0.064027,0.600000
147636,GAMBLING,LR,0.832181,0.074684,0.483871
147636,GAMBLING,RL,0.512747,0.065505,0.555556
147737,GAMBLING,LR,0.380689,0.090545,0.636364
147737,GAMBLING,RL,0.308107,0.062828,0.619048
150726,GAMBLING,LR,0.255796,0.088057,0.391304
150726,GAMBLING,RL,0.145094,0.090430,0.347826
151526,GAMBLING,LR,0.237084,0.083833,0.307692
151526,GAMBLING,RL,0.511213,0.106609,0.238095
154936,GAMBLING,LR,0.667519,0.106675,0.470588
154936,GAMBLING,RL,0.602683,0.090779,0.444444
156435,GAMBLING,LR,0.151153,0.067266,0.516129
156435,GAMBLING,RL,0.198580,0.070143,0.357143
156637,GAMBLING,LR,0.666083,0.168973,0.485714
156637,GAMBLING,RL,0.517581,0.161668,0.470588
157336,GAMBLING,LR,0.363760,0.075864,0.454545
157336,GAMBLING,RL,0.513932,0.069651,0.521739
159138,GAMBLING,LR,0.327001,0.089530,0.545455
159138,GAMBLING,RL,0.275345,0.106724,0.500000
160729,GAMBLING,LR,0.432132,0.053306,0.481481
160729,GAMBLING,RL,0.579879,0.050048,0.478261
162935,GAMBLING,LR,0.133167,0.110274,0.484848
162935,GAMBLING,RL,0.145642,0.130742,0.551724
163836,GAMBLING,LR,0.532853,0.160845,0.750000
163836,GAMBLING,RL,0.454276,0.183182,0.818182
165638,GAMBLING,LR,0.270558,0.089319,0.636364
165638,GAMBLING,RL,0.232465,0.109789,0.714286
166640,GAMBLING,LR,0.474970,0.105258,0.357143
166640,GAMBLING,RL,0.237155,0.117287,0.296296
168947,GAMBLING,LR,0.398191,0.054978,0.666667
168947,GAMBLING,RL,0.374503,0.059904,0.750000
169343,GAMBLING,LR,0.314724,0.101832,0.612903
169343,GAMBLING,RL,0.327335,0.100204,0.382353
169444,GAMBLING,LR,0.116286,0.057128,0.407407
169444,GAMBLING,RL,0.131511,0.067843,0.480000
171532,GAMBLING,LR,0.258921,0.125383,0.565217
171532,GAMBLING,RL,0.183524,0.114910,0.500000
172938,GAMBLING,LR,0.192733,0.112491,0.500000
172938,GAMBLING,RL,0.144978,0.091525,0.523810
175035,GAMBLING,LR,0.343257,0.118157,0.636364
175035,GAMBLING,RL,1.888060,0.145410,0.615385
175439,GAMBLING,LR,0.295747,0.141317,0.565217
175439,GAMBLING,RL,0.346573,0.128569,0.476190
176744,GAMBLING,LR,0.182792,0.042783,0.538462
176744,GAMBLING,RL,0.411471,0.056356,0.416667
178748,GAMBLING,LR,0.370048,0.045259,0.521739
178748,GAMBLING,RL,1.391940,0.077072,0.666667
180432,GAMBLING,LR,0.276826,0.063657,0.384615
180432,GAMBLING,RL,0.249935,0.056956,0.538462
186444,GAMBLING,LR,0.147795,0.060992,0.409091
186444,GAMBLING,RL,0.164505,0.068271,0.583333
191235,GAMBLING,LR,0.675504,0.086442,0.566667
191235,GAMBLING,RL,0.850888,0.074790,0.531250
192641,GAMBLING,LR,0.178990,0.099061,0.750000
192641,GAMBLING,RL,0.257975,0.062140,0.608696
193239,GAMBLING,LR,0.302268,0.058308,0.476190
193239,GAMBLING,RL,0.288614,0.074049,0.625000
198047,GAMBLING,LR,0.389303,0.082898,0.482759
198047,GAMBLING,RL,0.295945,0.078543,0.615385
199150,GAMBLING,LR,0.292326,0.151596,0.522727
199150,GAMBLING,RL,0.236533,0.126001,0.451613
203418,GAMBLING,LR,0.333196,0.074112,0.400000
203418,GAMBLING,RL,0.184462,0.076289,0.478261
207123,GAMBLING,LR,0.390455,0.164970,0.535714
207123,GAMBLING,RL,0.230378,0.115475,0.454545
209329,GAMBLING,LR,0.110353,0.061866,0.590909
209329,GAMBLING,RL,0.153861,0.063824,0.590909
209834,GAMBLING,LR,0.221808,0.179134,0.681818
209834,GAMBLING,RL,0.449123,0.162849,0.571429
211619,GAMBLING,LR,0.159724,0.061001,0.428571
211619,GAMBLING,RL,0.580976,0.070666,0.476190
211720,GAMBLING,LR,0.369713,0.083914,0.517241
211720,GAMBLING,RL,0.228831,0.068394,0.407407
217429,GAMBLING,LR,0.208048,0.050111,0.578947
217429,GAMBLING,RL,0.247490,0.055800,0.727273
228434,GAMBLING,LR,0.140538,0.092735,0.538462
228434,GAMBLING,RL,0.221514,0.084613,0.538462
250427,GAMBLING,LR,0.566039,0.162475,0.520000
250427,GAMBLING,RL,0.448107,0.139541,0.434783
255639,GAMBLING,LR,0.499439,0.067542,0.478261
255639,GAMBLING,RL,0.190869,0.070103,0.619048
280739,GAMBLING,LR,0.120879,0.075244,0.555556
280739,GAMBLING,RL,0.193965,0.081571,0.500000
280941,GAMBLING,LR,0.297712,0.068486,0.571429
280941,GAMBLING,RL,0.207654,0.070819,0.652174
283543,GAMBLING,LR,0.654094,0.096881,0.333333
283543,GAMBLING,RL,1.130510,0.135621,0.437500
297655,GAMBLING,LR,0.128459,0.067926,0.318182
297655,GAMBLING,RL,0.148687,0.109977,0.346154
298051,GAMBLING,LR,0.379970,0.150281,0.518519
298051,GAMBLING,RL,0.443762,0.141425,0.562500
303624,GAMBLING,LR,0.523660,0.095444,0.636364
303624,GAMBLING,RL,0.262704,0.097641,0.590909
322224,GAMBLING,LR,0.320686,0.046679,0.571429
322224,GAMBLING,RL,0.238177,0.062542,0.380952
330324,GAMBLING,LR,0.182838,0.115904,0.576923
330324,GAMBLING,RL,0.281773,0.077602,0.555556
346137,GAMBLING,LR,0.338446,0.140811,0.500000
346137,GAMBLING,RL,0.410640,0.126835,0.650000
351938,GAMBLING,LR,0.230112,0.052351,0.500000
351938,GAMBLING,RL,0.285741,0.057213,0.555556
378756,GAMBLING,LR,0.224935,0.124902,0.478261
378756,GAMBLING,RL,0.415838,0.130010,0.500000
389357,GAMBLING,LR,0.193920,0.093556,0.450000
389357,GAMBLING,RL,0.284505,0.096615,0.473684
395958,GAMBLING,LR,0.965017,0.169914,0.660000
395958,GAMBLING,RL,0.546239,0.099574,0.428571
401422,GAMBLING,LR,0.346826,0.068315,0.608696
401422,GAMBLING,RL,0.229300,0.068483,0.409091
465852,GAMBLING,LR,0.292732,0.139942,0.500000
465852,GAMBLING,RL,0.462519,0.117436,0.551724
481042,GAMBLING,LR,0.375109,0.057748,0.571429
481042,GAMBLING,RL,0.292826,0.053121,0.550000
492754,GAMBLING,LR,0.176443,0.122875,0.625000
492754,GAMBLING,RL,0.481742,0.099349,0.500000
552544,GAMBLING,LR,0.299413,0.037539,0.576923
552544,GAMBLING,RL,0.365500,0.045074,0.416667
553344,GAMBLING,LR,0.244976,0.058268,0.333333
553344,GAMBLING,RL,0.536742,0.059851,0.285714
562345,GAMBLING,LR,0.257022,0.231223,0.695652
562345,GAMBLING,RL,0.606082,0.199135,0.600000
579665,GAMBLING,LR,0.782341,0.065815,0.727273
579665,GAMBLING,RL,0.571583,0.086465,0.464286
580044,GAMBLING,LR,0.267964,0.113162,0.500000
580044,GAMBLING,RL,0.149874,0.104631,0.600000
580347,GAMBLING,LR,0.271788,0.085900,0.500000
580347,GAMBLING,RL,0.194367,0.074510,0.388889
585256,GAMBLING,LR,0.886688,0.084279,0.600000
585256,GAMBLING,RL,0.354928,0.087497,0.760000
586460,GAMBLING,LR,0.222682,0.048116,0.565217
586460,GAMBLING,RL,0.437023,0.067043,0.640000
599469,GAMBLING,LR,0.848610,0.107971,0.521739
599469,GAMBLING,RL,0.392561,0.097694,0.440000
620434,GAMBLING,LR,0.115642,0.046557,0.480000
620434,GAMBLING,RL,0.300086,0.064418,0.500000
656253,GAMBLING,LR,0.132596,0.085752,0.391304
656253,GAMBLING,RL,0.174016,0.077612,0.142857
665254,GAMBLING,LR,0.359251,0.080552,0.481481
665254,GAMBLING,RL,0.168070,0.077401,0.636364
671855,GAMBLING,LR,0.241411,0.125515,0.533333
671855,GAMBLING,RL,0.419836,0.123528,0.653846
688569,GAMBLING,LR,0.527612,0.101469,0.514286
688569,GAMBLING,RL,0.750432,0.078210,0.344828
695768,GAMBLING,LR,1.731570,0.115462,0.777778
695768,GAMBLING,RL,0.394615,0.161863,0.541667
727553,GAMBLING,LR,0.905142,0.080597,0.457143
727553,GAMBLING,RL,1.104780,0.077912,0.586207
729254,GAMBLING,LR,0.145459,0.064545,0.454545
729254,GAMBLING,RL,0.146444,0.060611,0.600000
731140,GAMBLING,LR,0.348871,0.078200,0.708333
731140,GAMBLING,RL,0.543206,0.075704,0.653846
749058,GAMBLING,LR,0.492399,0.046793,0.518519
749058,GAMBLING,RL,0.456982,0.050045,0.413793
749361,GAMBLING,LR,0.165228,0.049968,0.416667
749361,GAMBLING,RL,0.350732,0.054964,0.440000
751348,GAMBLING,LR,0.146819,0.095270,0.440000
751348,GAMBLING,RL,0.153253,0.066676,0.375000
769064,GAMBLING,LR,0.271523,0.062936,0.645161
769064,GAMBLING,RL,0.397447,0.068892,0.620690
825048,GAMBLING,LR,0.312424,0.073788,0.450000
825048,GAMBLING,RL,0.233008,0.073991,0.384615
833148,GAMBLING,LR,0.152810,0.032759,0.473684
833148,GAMBLING,RL,0.214933,0.048213,0.500000
869472,GAMBLING,LR,0.697754,0.177341,0.407407
869472,GAMBLING,RL,1.037350,0.107854,0.543478
882161,GAMBLING,LR,0.267968,0.102825,0.518519
882161,GAMBLING,RL,0.212711,0.093568,0.520000
887373,GAMBLING,LR,0.620897,0.041955,0.565217
887373,GAMBLING,RL,0.264347,0.038809,0.565217
901442,GAMBLING,LR,0.552032,0.058374,0.419355
901442,GAMBLING,RL,0.328550,0.055795,0.550000
910241,GAMBLING,LR,0.174061,0.074356,0.590909
910241,GAMBLING,RL,0.258552,0.084654,0.681818
926862,GAMBLING,LR,0.260671,0.078727,0.448276
926862,GAMBLING,RL,0.121402,0.079583,0.538462
942658,GAMBLING,LR,0.186761,0.064881,0.521739
942658,GAMBLING,RL,0.137603,0.062599,0.347826
972566,GAMBLING,LR,0.140038,0.105859,0.523810
972566,GAMBLING,RL,0.295280,0.120028,0.619048
